-- phpMyAdmin SQL Dump
-- version 5.0.1
-- https://www.phpmyadmin.net/
--
-- Host: 127.0.0.1
-- Generation Time: Sep 19, 2021 at 09:09 AM
-- Server version: 10.4.11-MariaDB
-- PHP Version: 7.4.2

SET SQL_MODE = "NO_AUTO_VALUE_ON_ZERO";
SET AUTOCOMMIT = 0;
START TRANSACTION;
SET time_zone = "+00:00";


/*!40101 SET @OLD_CHARACTER_SET_CLIENT=@@CHARACTER_SET_CLIENT */;
/*!40101 SET @OLD_CHARACTER_SET_RESULTS=@@CHARACTER_SET_RESULTS */;
/*!40101 SET @OLD_COLLATION_CONNECTION=@@COLLATION_CONNECTION */;
/*!40101 SET NAMES utf8mb4 */;

--
-- Database: `comic`
--

-- --------------------------------------------------------

--
-- Table structure for table `failed_jobs`
--

CREATE TABLE `failed_jobs` (
  `id` bigint(20) UNSIGNED NOT NULL,
  `connection` text COLLATE utf8mb4_unicode_ci NOT NULL,
  `queue` text COLLATE utf8mb4_unicode_ci NOT NULL,
  `payload` longtext COLLATE utf8mb4_unicode_ci NOT NULL,
  `exception` longtext COLLATE utf8mb4_unicode_ci NOT NULL,
  `failed_at` timestamp NOT NULL DEFAULT current_timestamp()
) ENGINE=InnoDB DEFAULT CHARSET=utf8mb4 COLLATE=utf8mb4_unicode_ci;

-- --------------------------------------------------------

--
-- Table structure for table `juri`
--

CREATE TABLE `juri` (
  `id` int(11) NOT NULL,
  `nama_juri` varchar(255) NOT NULL,
  `id_user` int(11) NOT NULL,
  `created_at` timestamp NOT NULL DEFAULT current_timestamp(),
  `updated_at` timestamp NOT NULL DEFAULT current_timestamp()
) ENGINE=InnoDB DEFAULT CHARSET=utf8mb4;

--
-- Dumping data for table `juri`
--

INSERT INTO `juri` (`id`, `nama_juri`, `id_user`, `created_at`, `updated_at`) VALUES
(5, 'Arkan ,S.Kom', 5, '2020-06-13 21:36:11', '2020-07-10 21:07:27'),
(8, 'juhari,S,Kom.', 8, '2020-06-14 22:55:39', '2020-06-14 22:55:39'),
(10, 'edwar, S.Ag., M.Kom', 11, '2020-06-17 02:43:29', '2020-06-27 03:21:13'),
(15, 'Rank', 16, '2020-06-27 22:56:08', '2020-06-27 22:56:08'),
(16, 'Ella', 17, '2020-07-12 20:52:31', '2020-07-12 20:52:31'),
(18, 'meilisa', 19, '2020-07-12 21:37:56', '2020-07-12 21:37:56'),
(19, 'taufik', 20, '2020-07-13 16:28:38', '2020-07-13 16:28:56'),
(20, 'wahmang', 21, '2021-01-18 00:37:15', '2021-01-18 00:37:15');

-- --------------------------------------------------------

--
-- Table structure for table `juri_lomba`
--

CREATE TABLE `juri_lomba` (
  `id` int(11) NOT NULL,
  `id_juri` int(11) NOT NULL,
  `id_lomba` int(11) NOT NULL,
  `created_at` timestamp NOT NULL DEFAULT current_timestamp(),
  `updated_at` timestamp NOT NULL DEFAULT current_timestamp()
) ENGINE=InnoDB DEFAULT CHARSET=utf8mb4;

--
-- Dumping data for table `juri_lomba`
--

INSERT INTO `juri_lomba` (`id`, `id_juri`, `id_lomba`, `created_at`, `updated_at`) VALUES
(2, 5, 1, '2020-06-13 21:36:11', '2020-06-14 01:39:31'),
(5, 8, 19, '2020-06-14 22:55:39', '2020-06-14 22:55:39'),
(7, 10, 19, '2020-06-17 02:43:29', '2020-06-27 03:21:13'),
(11, 10, 29, '2020-06-28 04:49:31', '2020-06-28 04:49:31'),
(12, 8, 29, '2020-06-27 21:23:22', '2020-06-27 21:23:22'),
(20, 15, 3, '2020-06-27 22:56:26', '2020-06-27 22:56:26'),
(21, 15, 30, '2020-06-27 22:57:22', '2020-06-27 22:57:22'),
(22, 15, 31, '2020-06-27 22:57:36', '2020-06-27 22:57:36'),
(23, 16, 2, '2020-07-12 20:53:19', '2020-07-12 20:53:19'),
(25, 19, 7, '2020-07-13 16:29:33', '2020-07-13 16:29:33'),
(26, 20, 15, '2021-01-18 00:38:30', '2021-01-18 00:38:30');

-- --------------------------------------------------------

--
-- Table structure for table `kriteria`
--

CREATE TABLE `kriteria` (
  `id` int(11) NOT NULL,
  `kriteria` varchar(255) NOT NULL,
  `persentase` int(11) NOT NULL,
  `id_lomba` int(11) NOT NULL,
  `created_at` timestamp NOT NULL DEFAULT current_timestamp(),
  `updated_at` timestamp NOT NULL DEFAULT current_timestamp()
) ENGINE=InnoDB DEFAULT CHARSET=utf8mb4;

--
-- Dumping data for table `kriteria`
--

INSERT INTO `kriteria` (`id`, `kriteria`, `persentase`, `id_lomba`, `created_at`, `updated_at`) VALUES
(1, 'Kreativitas', 40, 27, '2020-06-15 04:25:06', '2020-06-14 21:01:47'),
(2, 'Komposisi Warna', 40, 27, '2020-06-14 20:35:28', '2020-06-14 21:02:01'),
(3, 'Kerapihan dan Kebersihan', 20, 27, '2020-06-14 20:36:02', '2020-06-14 21:02:13'),
(4, 'Kreativitas', 30, 15, '2020-06-14 20:36:42', '2020-06-14 21:01:34'),
(5, 'Tingkat Keterbacaan', 25, 6, '2020-06-14 20:38:04', '2020-06-14 20:38:04'),
(6, 'Ketepatan Kaidah Penulisan', 25, 6, '2020-06-14 20:39:23', '2020-06-14 20:39:23'),
(7, 'Orisinilitas dan Inovasi', 20, 6, '2020-06-14 20:39:52', '2020-06-14 20:39:52'),
(8, 'Kekayaan Desain dan Tata Warna', 10, 6, '2020-06-14 20:40:20', '2020-06-14 20:40:20'),
(9, 'Kebersihan dan Kerapihan', 20, 6, '2020-06-14 20:40:46', '2020-06-14 20:40:46'),
(10, 'Tingkat Keterbacaan', 25, 7, '2020-06-14 20:41:16', '2020-06-14 20:41:16'),
(11, 'Ketepatan Kaidah Penulisan', 25, 7, '2020-06-14 20:41:34', '2020-06-14 20:41:34'),
(12, 'Kekayaan Desain dan Tata Warna', 10, 7, '2020-06-14 20:42:08', '2020-06-14 20:42:08'),
(13, 'Kebersihan dan Kerapihan', 20, 7, '2020-06-14 20:42:22', '2020-06-14 20:42:22'),
(14, 'Tingkat Keterbacaan', 25, 8, '2020-06-14 20:42:44', '2020-06-14 20:42:44'),
(15, 'Ketepatan Kaidah Penulisan', 25, 8, '2020-06-14 20:43:01', '2020-06-14 20:43:01'),
(16, 'Orisinilitas dan Inovasi', 20, 8, '2020-06-14 20:43:17', '2020-06-14 20:43:17'),
(17, 'Kebersihan dan Kerapihan', 20, 8, '2020-06-14 20:43:35', '2020-06-14 20:43:35'),
(18, 'Kekayaan Desain dan Tata Warna', 10, 8, '2020-06-14 20:44:31', '2020-06-14 20:44:31'),
(19, 'Kesesuaian Tema', 20, 15, '2020-06-14 21:03:25', '2020-06-14 21:03:25'),
(20, 'Komposisi Warna', 25, 15, '2020-06-14 21:03:43', '2020-06-14 21:03:43'),
(21, 'Kerapihan dan Kebersihan', 25, 15, '2020-06-14 21:04:04', '2020-06-14 21:04:04'),
(23, 'vokal', 30, 19, '2020-06-16 23:42:26', '2020-06-16 23:42:26'),
(24, 'Penghayatan atau Penjiwaan', 20, 19, '2020-06-16 23:42:53', '2020-06-16 23:42:53'),
(25, 'Teknik atau Skill', 25, 19, '2020-06-16 23:43:24', '2020-06-16 23:43:24'),
(26, 'Penguasaan', 10, 19, '2020-06-16 23:45:32', '2020-06-16 23:45:32'),
(27, 'Penampilan atau Kostum', 15, 19, '2020-06-16 23:45:54', '2020-06-16 23:45:54'),
(28, 'Fasaha', 30, 1, '2020-06-17 02:14:15', '2020-07-12 21:41:03'),
(29, 'Tajwid', 25, 1, '2020-06-17 02:14:41', '2020-06-17 02:14:41'),
(30, 'Suara', 25, 1, '2020-06-17 02:15:05', '2020-06-17 02:15:05'),
(31, 'Lagu', 20, 1, '2020-06-17 02:16:59', '2020-06-17 02:16:59'),
(32, 'Tajwid', 25, 9, '2020-06-24 18:53:47', '2020-06-24 18:53:47'),
(33, 'fashahah', 25, 9, '2020-06-24 18:54:07', '2020-06-24 18:54:07'),
(34, 'Tahfidz', 50, 9, '2020-06-24 18:54:56', '2020-06-24 18:54:56'),
(35, 'Tajwid', 25, 10, '2020-06-24 18:55:36', '2020-06-24 18:55:36'),
(36, 'Fashahah', 25, 10, '2020-06-24 18:55:55', '2020-06-24 18:55:55'),
(37, 'Tahfidz', 50, 10, '2020-06-24 18:56:17', '2020-06-24 18:56:17'),
(38, 'Tajwid', 25, 11, '2020-06-24 18:56:34', '2020-06-24 18:56:34'),
(39, 'Fashahah', 25, 11, '2020-06-24 18:56:47', '2020-06-24 18:56:47'),
(40, 'Tahfidz', 50, 11, '2020-06-24 18:57:05', '2020-06-24 18:57:05'),
(41, 'Fashahah', 30, 13, '2020-06-24 18:58:05', '2020-06-24 18:58:05'),
(42, 'Tajwid', 25, 13, '2020-06-24 18:58:22', '2020-06-24 18:58:22'),
(43, 'Suara', 25, 13, '2020-06-24 18:58:46', '2020-06-24 18:58:46'),
(44, 'Lagu', 20, 13, '2020-06-24 18:59:02', '2020-06-24 18:59:02'),
(45, 'Fashahah', 30, 14, '2020-06-24 18:59:28', '2020-06-24 18:59:28'),
(46, 'Tajwid', 25, 14, '2020-06-24 18:59:45', '2020-06-24 18:59:45'),
(47, 'Suara', 25, 14, '2020-06-24 19:00:01', '2020-06-24 19:00:01'),
(48, 'Lagu', 20, 14, '2020-06-24 19:00:17', '2020-06-24 19:00:17'),
(49, 'Fashahah', 30, 2, '2020-06-24 19:00:44', '2020-06-24 19:00:44'),
(50, 'Tajwid', 25, 2, '2020-06-24 19:01:00', '2020-06-24 19:01:00'),
(51, 'Suara', 25, 2, '2020-06-24 19:01:14', '2020-06-24 19:01:14'),
(52, 'Lagu', 20, 2, '2020-06-24 19:01:26', '2020-06-24 19:01:26'),
(53, 'Penghayatan', 20, 16, '2020-06-24 19:02:14', '2020-06-24 19:02:14'),
(54, 'Penampilan', 15, 16, '2020-06-24 19:04:30', '2020-06-24 19:04:30'),
(55, 'Intonasi', 15, 16, '2020-06-24 19:04:45', '2020-06-24 19:04:45'),
(56, 'Mimik', 20, 16, '2020-06-24 19:05:14', '2020-06-24 19:05:14'),
(57, 'Kesesuaian Tema', 30, 16, '2020-06-24 19:05:34', '2020-06-24 19:05:34'),
(58, 'Penghayatan', 20, 17, '2020-06-24 19:05:49', '2020-06-24 19:05:49'),
(59, 'Penampilan', 15, 17, '2020-06-24 19:06:08', '2020-06-24 19:06:08'),
(60, 'Intonasi', 15, 17, '2020-06-24 19:06:30', '2020-06-24 19:06:30'),
(61, 'Mimik', 20, 17, '2020-06-24 19:06:42', '2020-06-24 19:06:42'),
(62, 'Kesesuaian Tema', 30, 17, '2020-06-24 19:06:59', '2020-06-24 19:06:59'),
(63, 'Isi', 20, 18, '2020-06-24 19:09:22', '2020-06-24 19:09:22'),
(64, 'Mimik dan Intonasi', 25, 18, '2020-06-24 19:09:39', '2020-06-24 19:09:39'),
(65, 'Penguasaan Materi', 30, 18, '2020-06-24 19:09:56', '2020-06-24 19:09:56'),
(66, 'Pembawaan', 10, 18, '2020-06-24 19:10:11', '2020-06-24 19:10:11'),
(67, 'Aksentuasi (Tata Bicara)', 15, 18, '2020-06-24 19:10:50', '2020-06-24 19:10:50'),
(68, 'Vokal', 30, 29, '2020-06-24 20:01:48', '2020-06-24 20:01:48'),
(69, 'Penghayatan atau Penjiwaan', 20, 29, '2020-06-24 20:02:09', '2020-06-24 20:02:09'),
(70, 'Teknik atau Skill', 25, 29, '2020-06-24 20:02:25', '2020-06-24 20:02:25'),
(71, 'Penguasaan', 10, 29, '2020-06-24 20:02:44', '2020-06-24 20:02:44'),
(72, 'Penampilan atau Kostum', 15, 29, '2020-06-24 20:03:27', '2020-06-24 20:03:27'),
(73, 'Makhraj', 35, 12, '2020-06-24 20:04:09', '2020-06-24 20:04:09'),
(74, 'Bacaan', 35, 12, '2020-06-24 20:04:25', '2020-06-24 20:04:25'),
(75, 'Irama dan Suara', 30, 12, '2020-06-24 20:04:42', '2020-06-24 20:04:42'),
(76, 'Makhraj', 35, 21, '2020-06-24 20:04:57', '2020-06-24 20:04:57'),
(77, 'Bacaan', 35, 21, '2020-06-24 20:05:17', '2020-06-24 20:05:17'),
(78, 'Irama dan Suara', 30, 21, '2020-06-24 20:05:30', '2020-06-24 20:05:30'),
(79, 'Makhraj', 35, 22, '2020-06-24 20:05:49', '2020-06-24 20:05:49'),
(80, 'Bacaan', 35, 22, '2020-06-24 20:06:14', '2020-06-24 20:06:14'),
(81, 'Irama dan Suara', 30, 22, '2020-06-24 20:06:41', '2020-06-24 20:06:41'),
(82, 'Originalitas', 20, 20, '2020-06-24 20:08:52', '2020-06-24 20:08:52'),
(83, 'Konsep Ide Desain', 20, 20, '2020-06-24 20:09:14', '2020-06-24 20:09:14'),
(84, 'Teknik Penggunaan Software', 10, 20, '2020-06-24 20:09:43', '2020-06-24 20:09:43'),
(85, 'Nilai Estetika dan Komunikatif', 30, 20, '2020-06-24 20:10:15', '2020-06-24 20:10:15'),
(86, 'Kesesuaian Tema', 10, 20, '2020-06-24 20:10:26', '2020-06-24 20:10:26'),
(87, 'Ketepatan Waktu', 10, 20, '2020-06-24 20:10:47', '2020-06-24 20:10:47'),
(88, 'Fashahah', 30, 23, '2020-06-24 20:11:42', '2020-06-24 20:11:42'),
(89, 'Tajwid', 25, 23, '2020-06-24 20:11:55', '2020-06-24 20:11:55'),
(90, 'Suara', 25, 23, '2020-06-24 20:12:11', '2020-06-24 20:12:11'),
(91, 'Lagu', 20, 23, '2020-06-24 20:12:22', '2020-06-24 20:12:22'),
(92, 'Fashahah', 30, 24, '2020-06-24 20:12:40', '2020-06-24 20:12:40'),
(93, 'Tajwid', 25, 24, '2020-06-24 20:12:54', '2020-06-24 20:12:54'),
(94, 'Suara', 25, 24, '2020-06-24 20:13:12', '2020-06-24 20:13:12'),
(95, 'Lagu', 20, 24, '2020-06-24 20:13:46', '2020-06-24 20:13:46'),
(96, 'Fashahah', 30, 25, '2020-06-24 20:14:02', '2020-06-24 20:14:02'),
(97, 'Tajwid', 25, 25, '2020-06-24 20:14:23', '2020-06-24 20:14:23'),
(98, 'Suara', 25, 25, '2020-06-24 20:14:40', '2020-06-24 20:14:40'),
(99, 'Lagu', 20, 25, '2020-06-24 20:15:02', '2020-06-24 20:15:02'),
(100, 'Fashahah', 30, 26, '2020-06-24 20:15:15', '2020-06-24 20:15:15'),
(101, 'Tajwid', 25, 26, '2020-06-24 20:15:31', '2020-06-24 20:15:31'),
(102, 'Suara', 25, 26, '2020-06-24 20:15:47', '2020-06-24 20:15:47'),
(103, 'Lagu', 20, 26, '2020-06-24 20:16:01', '2020-06-24 20:16:01'),
(104, 'Babak 1', 100, 3, '2020-06-27 22:58:51', '2020-06-27 22:58:51'),
(105, 'Babak 2', 100, 3, '2020-06-27 22:59:05', '2020-06-27 22:59:05'),
(106, 'Babak 3', 100, 3, '2020-06-27 22:59:17', '2020-06-27 22:59:17'),
(107, 'Babak 4', 100, 3, '2020-06-27 22:59:40', '2020-06-27 22:59:40'),
(108, 'Babak 1', 100, 30, '2020-07-10 21:09:54', '2020-07-10 21:09:54'),
(109, 'Babak 2', 100, 30, '2020-07-10 21:10:07', '2020-07-10 21:10:07'),
(110, 'Babak 3', 100, 30, '2020-07-10 21:10:27', '2020-07-10 21:10:27'),
(111, 'Babak 4', 100, 30, '2020-07-10 21:10:47', '2020-07-10 21:10:47'),
(112, 'Babak 1', 100, 31, '2020-07-10 21:11:20', '2020-07-10 21:11:20'),
(113, 'Babak 2', 100, 31, '2020-07-10 21:11:34', '2020-07-10 21:11:34'),
(114, 'Babak 3', 100, 31, '2020-07-10 21:11:57', '2020-07-10 21:11:57'),
(115, 'Babak 4', 100, 31, '2020-07-10 21:12:14', '2020-07-10 21:12:14');

-- --------------------------------------------------------

--
-- Table structure for table `lomba`
--

CREATE TABLE `lomba` (
  `id` bigint(20) UNSIGNED NOT NULL,
  `mata_lomba` varchar(255) COLLATE utf8mb4_unicode_ci NOT NULL,
  `id_tingkat` int(11) NOT NULL,
  `created_at` timestamp NULL DEFAULT NULL,
  `updated_at` timestamp NULL DEFAULT NULL
) ENGINE=InnoDB DEFAULT CHARSET=utf8mb4 COLLATE=utf8mb4_unicode_ci;

--
-- Dumping data for table `lomba`
--

INSERT INTO `lomba` (`id`, `mata_lomba`, `id_tingkat`, `created_at`, `updated_at`) VALUES
(1, 'Tartil Putra MTS/SMP', 2, '2020-06-07 15:17:42', NULL),
(2, 'Tartil Putri MTS/SMP', 2, '2020-06-07 15:17:42', NULL),
(3, 'Rank - 1 MI/SD', 1, '2020-06-08 21:22:04', '2020-06-24 19:57:29'),
(6, 'Kaligrafi MI/SD', 1, '2020-06-12 19:06:52', '2020-06-12 19:19:33'),
(7, 'Kaligrafi MTS/SMP', 2, '2020-06-12 19:07:04', '2020-06-12 19:19:42'),
(8, 'Kaligrafi MA/SMA', 3, '2020-06-12 19:07:17', '2020-06-12 19:19:54'),
(9, 'Hafidz MI/SD', 1, '2020-06-12 19:07:34', '2020-06-13 04:29:36'),
(10, 'Hafidz MTS/SMP', 2, '2020-06-12 21:17:28', '2020-06-12 21:17:28'),
(11, 'Hafidz MA/SMA', 3, '2020-06-12 21:17:44', '2020-06-12 21:17:44'),
(12, 'Adzan MI/SD', 1, '2020-06-13 04:21:06', '2020-06-13 04:29:47'),
(13, 'Tartil Putra MI/SD', 1, '2020-06-13 04:21:30', '2020-06-13 04:21:30'),
(14, 'Tartil Putri MI/SD', 1, '2020-06-13 04:21:46', '2020-06-13 04:21:46'),
(15, 'Menggambar', 0, '2020-06-13 04:22:09', '2020-06-13 04:22:09'),
(16, 'Puisi Islami MTS/SMP', 2, '2020-06-13 04:24:03', '2020-06-13 04:24:03'),
(17, 'Puisi Islami MA/SMA', 3, '2020-06-13 04:24:16', '2020-06-13 04:24:16'),
(18, 'Da\'i Cilik', 0, '2020-06-13 04:24:35', '2020-06-13 04:24:35'),
(19, 'Pop Religi MTS/SMP', 2, '2020-06-13 04:25:50', '2020-06-25 03:34:00'),
(20, 'Desain Poster Islami', 3, '2020-06-13 04:26:13', '2020-06-24 20:07:04'),
(21, 'Adzan MTS/SMP', 2, '2020-06-13 04:26:27', '2020-06-13 04:26:27'),
(22, 'Adzan MA/SMA', 3, '2020-06-13 04:26:39', '2020-06-13 04:26:39'),
(23, 'Tilawah Putra MTS/SMP', 2, '2020-06-13 04:27:46', '2020-06-13 04:27:46'),
(24, 'Tilawah Putri MTS/SMP', 2, '2020-06-13 04:28:10', '2020-06-13 04:28:10'),
(25, 'Tilawah Putra MA/SMA', 3, '2020-06-13 04:28:31', '2020-06-13 04:28:31'),
(26, 'Tilawah Putri MA/SMA', 3, '2020-06-13 04:28:44', '2020-06-13 04:28:44'),
(27, 'Mewarnai', 0, '2020-06-13 04:29:02', '2020-06-13 04:29:02'),
(29, 'Pop Religi MA/SMA', 3, '2020-06-24 19:56:38', '2020-06-24 19:56:38'),
(30, 'Rank - 1 MTS/SMP', 2, '2020-06-24 19:57:11', '2020-06-24 19:57:11'),
(31, 'Rank - 1 MA/SMA', 3, '2020-06-24 19:57:47', '2020-06-24 19:57:47');

-- --------------------------------------------------------

--
-- Table structure for table `master`
--

CREATE TABLE `master` (
  `id` int(11) NOT NULL,
  `seri` varchar(255) NOT NULL,
  `merk` varchar(255) NOT NULL,
  `layar` int(11) NOT NULL,
  `kamera_depan` int(11) NOT NULL,
  `kamera_belakang` int(11) NOT NULL,
  `tanggal` date NOT NULL
) ENGINE=InnoDB DEFAULT CHARSET=utf8mb4;

--
-- Dumping data for table `master`
--

INSERT INTO `master` (`id`, `seri`, `merk`, `layar`, `kamera_depan`, `kamera_belakang`, `tanggal`) VALUES
(1, 'samsung j7pro', 'Samsung', 5, 12, 48, '2017-04-05');

-- --------------------------------------------------------

--
-- Table structure for table `migrations`
--

CREATE TABLE `migrations` (
  `id` int(10) UNSIGNED NOT NULL,
  `migration` varchar(255) COLLATE utf8mb4_unicode_ci NOT NULL,
  `batch` int(11) NOT NULL
) ENGINE=InnoDB DEFAULT CHARSET=utf8mb4 COLLATE=utf8mb4_unicode_ci;

--
-- Dumping data for table `migrations`
--

INSERT INTO `migrations` (`id`, `migration`, `batch`) VALUES
(1, '2014_10_12_000000_create_users_table', 1),
(2, '2019_08_19_000000_create_failed_jobs_table', 1),
(6, '2020_06_07_114211_create_peserta_table', 2),
(7, '2020_06_07_115131_create_lomba_table', 2),
(8, '2020_06_07_115324_create_sekolah_table', 2);

-- --------------------------------------------------------

--
-- Table structure for table `nilai`
--

CREATE TABLE `nilai` (
  `id` int(11) NOT NULL,
  `id_pesertalomba` int(11) NOT NULL,
  `id_jurilomba` int(11) NOT NULL,
  `id_kriteria` int(11) NOT NULL,
  `nilai` double NOT NULL
) ENGINE=InnoDB DEFAULT CHARSET=utf8mb4;

--
-- Dumping data for table `nilai`
--

INSERT INTO `nilai` (`id`, `id_pesertalomba`, `id_jurilomba`, `id_kriteria`, `nilai`) VALUES
(1, 11, 7, 23, 90),
(2, 11, 7, 24, 90),
(3, 11, 7, 25, 90),
(4, 11, 7, 26, 90),
(5, 11, 7, 27, 90),
(6, 2, 2, 28, 90),
(7, 2, 2, 29, 80),
(8, 2, 2, 30, 70),
(9, 2, 2, 31, 80),
(10, 11, 5, 23, 80),
(11, 11, 5, 24, 85),
(12, 11, 5, 25, 75),
(13, 11, 5, 26, 100),
(14, 11, 5, 27, 80),
(38, 42, 11, 68, 90),
(39, 42, 11, 69, 90),
(40, 42, 11, 70, 90),
(41, 42, 11, 71, 90),
(42, 42, 11, 72, 90),
(88, 61, 7, 23, 95),
(89, 61, 7, 24, 95),
(90, 61, 7, 25, 95),
(91, 61, 7, 26, 95),
(92, 61, 7, 27, 95),
(93, 42, 12, 68, 90),
(94, 42, 12, 69, 90),
(95, 42, 12, 70, 80),
(96, 42, 12, 71, 80),
(97, 42, 12, 72, 90),
(98, 43, 11, 68, 90),
(99, 43, 11, 69, 90),
(100, 43, 11, 70, 50),
(101, 43, 11, 71, 100),
(102, 43, 11, 72, 80),
(105, 4, 20, 104, 100),
(106, 62, 20, 104, 0),
(107, 63, 20, 104, 100),
(108, 64, 20, 104, 0),
(109, 65, 20, 104, 100),
(110, 66, 20, 104, 0),
(111, 67, 20, 104, 100),
(112, 68, 20, 104, 0),
(113, 69, 20, 104, 100),
(114, 70, 20, 104, 0),
(115, 71, 20, 104, 100),
(116, 72, 20, 104, 100),
(117, 73, 20, 104, 100),
(118, 75, 20, 104, 0),
(119, 74, 20, 104, 0),
(120, 76, 20, 104, 0),
(121, 77, 20, 104, 100),
(122, 78, 20, 104, 100),
(123, 79, 20, 104, 0),
(124, 80, 20, 104, 0),
(125, 4, 20, 105, 100),
(126, 63, 20, 105, 0),
(127, 65, 20, 105, 100),
(128, 67, 20, 105, 0),
(129, 69, 20, 105, 100),
(130, 71, 20, 105, 0),
(131, 72, 20, 105, 100),
(132, 73, 20, 105, 100),
(133, 77, 20, 105, 0),
(134, 78, 20, 105, 0),
(135, 4, 20, 106, 90),
(136, 65, 20, 106, 100),
(137, 69, 20, 106, 70),
(138, 72, 20, 106, 80),
(139, 73, 20, 106, 60),
(140, 4, 20, 107, 50),
(141, 65, 20, 107, 30),
(142, 69, 20, 107, 20),
(219, 1, 23, 49, 90),
(220, 1, 23, 50, 80),
(221, 1, 23, 51, 70),
(222, 1, 23, 52, 80),
(223, 35, 23, 49, 80),
(224, 35, 23, 50, 80),
(225, 35, 23, 51, 80),
(226, 35, 23, 52, 80),
(227, 105, 23, 49, 70),
(228, 105, 23, 50, 70),
(229, 105, 23, 51, 70),
(230, 105, 23, 52, 70),
(231, 3, 25, 10, 90),
(232, 3, 25, 11, 80),
(233, 3, 25, 12, 70),
(234, 3, 25, 13, 80),
(235, 5, 25, 10, 70),
(236, 5, 25, 11, 80),
(237, 5, 25, 12, 60),
(238, 5, 25, 13, 90),
(239, 17, 25, 10, 90),
(240, 17, 25, 11, 90),
(241, 17, 25, 12, 90),
(242, 17, 25, 13, 90),
(243, 18, 25, 10, 80),
(244, 18, 25, 11, 70),
(245, 18, 25, 12, 90),
(246, 18, 25, 13, 60),
(247, 83, 21, 108, 100),
(248, 84, 21, 108, 0),
(249, 85, 21, 108, 100),
(250, 86, 21, 108, 0),
(251, 87, 21, 108, 100),
(252, 88, 21, 108, 0),
(253, 89, 21, 108, 100),
(254, 90, 21, 108, 0),
(255, 91, 21, 108, 100),
(256, 92, 21, 108, 0),
(257, 93, 21, 108, 100),
(258, 94, 21, 108, 0),
(259, 95, 21, 108, 100),
(260, 96, 21, 108, 0),
(261, 97, 21, 108, 100),
(262, 98, 21, 108, 0),
(263, 99, 21, 108, 100),
(264, 100, 21, 108, 0),
(265, 101, 21, 108, 100),
(266, 102, 21, 108, 0),
(267, 83, 21, 109, 100),
(268, 85, 21, 109, 0),
(269, 87, 21, 109, 0),
(270, 89, 21, 109, 100),
(271, 91, 21, 109, 100),
(272, 93, 21, 109, 0),
(273, 95, 21, 109, 100),
(274, 97, 21, 109, 0),
(275, 99, 21, 109, 0),
(276, 101, 21, 109, 100),
(277, 83, 21, 110, 90),
(278, 89, 21, 110, 80),
(279, 91, 21, 110, 60),
(280, 95, 21, 110, 80),
(281, 101, 21, 110, 70),
(282, 83, 21, 111, 50),
(283, 89, 21, 111, 30),
(284, 91, 21, 111, 20);

-- --------------------------------------------------------

--
-- Table structure for table `peserta`
--

CREATE TABLE `peserta` (
  `id` bigint(20) UNSIGNED NOT NULL,
  `nama_peserta` varchar(255) COLLATE utf8mb4_unicode_ci NOT NULL,
  `id_sekolah` int(11) NOT NULL,
  `created_at` timestamp NULL DEFAULT current_timestamp(),
  `updated_at` timestamp NULL DEFAULT current_timestamp()
) ENGINE=InnoDB DEFAULT CHARSET=utf8mb4 COLLATE=utf8mb4_unicode_ci;

--
-- Dumping data for table `peserta`
--

INSERT INTO `peserta` (`id`, `nama_peserta`, `id_sekolah`, `created_at`, `updated_at`) VALUES
(8, 'Aminah', 1, NULL, '2020-07-13 16:26:32'),
(9, 'adit', 2, NULL, '2020-07-03 02:35:54'),
(10, 'akhi najam', 3, '2020-06-12 06:43:33', '2020-06-12 06:43:33'),
(11, 'akhi aja', 3, '2020-06-12 06:46:18', '2020-06-12 06:46:18'),
(12, 'alma\'ridfat', 3, '2020-06-12 06:48:02', '2020-06-12 20:39:29'),
(13, 'aliando', 2, '2020-06-12 06:58:11', '2020-06-12 06:58:11'),
(14, 'Ari', 2, '2020-06-12 20:41:21', '2020-06-12 20:41:21'),
(18, 'aman', 2, '2020-06-14 02:15:16', '2020-06-14 02:15:16'),
(20, 'andi', 1, '2020-06-16 23:26:32', '2020-06-16 23:26:32'),
(22, 'tio', 2, '2020-06-23 22:59:06', '2020-06-23 22:59:06'),
(23, 'fian', 3, '2020-06-24 01:54:26', '2020-06-24 01:54:26'),
(24, 'Roma', 7, '2020-06-25 03:16:27', '2020-06-25 03:16:27'),
(25, 'arya', 8, '2020-06-25 03:17:07', '2020-06-25 03:17:07'),
(26, 'kala', 10, '2020-06-25 03:17:26', '2020-06-25 03:17:26'),
(27, 'amina', 42, '2020-06-25 03:17:59', '2020-06-25 03:17:59'),
(28, 'isa', 103, '2020-06-25 03:18:29', '2020-06-25 03:18:29'),
(29, 'ison', 52, '2020-06-25 03:18:53', '2020-06-25 03:18:53'),
(30, 'tito', 20, '2020-06-25 03:19:56', '2020-06-25 03:19:56'),
(31, 'hafizah', 24, '2020-06-25 03:20:21', '2020-06-25 03:20:21'),
(32, 'Hifzu', 125, '2020-06-25 03:20:41', '2020-06-25 03:20:41'),
(33, 'Hifza', 40, '2020-06-25 03:21:08', '2020-06-25 03:21:08'),
(34, 'ILyas', 48, '2020-06-25 03:21:54', '2020-06-25 03:21:54'),
(35, 'Iila', 51, '2020-06-25 03:22:19', '2020-06-25 03:22:19'),
(36, 'Iqoma', 34, '2020-06-25 03:22:47', '2020-06-25 03:22:47'),
(37, 'Abdur', 72, '2020-06-25 03:23:06', '2020-06-25 03:23:06'),
(38, 'ary', 67, '2020-06-25 03:24:02', '2020-06-25 03:24:02'),
(39, 'Rudi', 25, '2020-06-25 03:24:27', '2020-06-25 03:24:27'),
(40, 'Ana', 63, '2020-06-25 03:25:19', '2020-06-25 03:25:19'),
(41, 'Ina', 75, '2020-06-25 03:25:47', '2020-06-25 03:25:47'),
(42, 'Ibnu', 27, '2020-06-25 03:27:11', '2020-06-25 03:27:11'),
(43, 'Ingsa', 91, '2020-06-25 03:27:35', '2020-06-25 03:27:35'),
(44, 'Nina', 41, '2020-06-25 03:28:06', '2020-06-25 03:28:06'),
(45, 'Suna', 96, '2020-06-25 03:28:37', '2020-06-25 03:28:37'),
(46, 'Habi', 24, '2020-06-25 03:29:30', '2020-06-25 03:29:30'),
(47, 'arin', 81, '2020-06-25 03:30:05', '2020-06-25 03:30:05'),
(48, 'Puisa', 49, '2020-06-25 03:30:28', '2020-06-25 03:30:28'),
(49, 'Dafa', 29, '2020-06-25 03:30:52', '2020-06-25 03:30:52'),
(50, 'Irham', 37, '2020-06-25 03:31:14', '2020-06-25 03:31:14'),
(51, 'Erna', 53, '2020-06-25 03:32:24', '2020-06-25 03:32:24'),
(52, 'Popi', 51, '2020-06-25 03:33:37', '2020-06-25 03:33:37'),
(53, 'Ari Laso', 50, '2020-06-25 03:39:21', '2020-06-25 03:39:21'),
(54, 'Irina', 89, '2020-06-25 03:39:50', '2020-06-25 03:39:50'),
(55, 'adzanan', 69, '2020-06-25 03:40:19', '2020-06-25 03:40:19'),
(56, 'Irsyad', 136, '2020-06-25 03:41:14', '2020-06-25 03:41:14'),
(57, 'Ando', 103, '2020-06-25 03:41:56', '2020-06-25 03:41:56'),
(58, 'Rudia', 130, '2020-06-25 03:42:23', '2020-06-25 03:42:23'),
(59, 'Nino', 70, '2020-06-25 03:43:52', '2020-06-25 03:43:52'),
(60, 'Tido', 68, '2020-06-25 03:44:32', '2020-06-25 03:44:32'),
(61, 'Tita', 47, '2020-06-25 03:45:13', '2020-06-25 03:45:13'),
(62, 'Tina', 122, '2020-06-25 03:45:52', '2020-06-25 03:45:52'),
(63, 'dito', 54, '2020-06-25 03:46:53', '2020-06-25 03:46:53'),
(64, 'Ardi', 52, '2020-06-25 03:47:24', '2020-06-25 03:47:24'),
(65, 'Dita', 103, '2020-06-25 03:48:14', '2020-06-25 03:48:14'),
(66, 'Tila', 78, '2020-06-25 03:48:44', '2020-06-25 03:48:44'),
(67, 'Isna', 33, '2020-06-25 03:49:05', '2020-06-25 03:49:05'),
(68, 'Irya', 64, '2020-06-25 03:49:29', '2020-06-25 03:49:29'),
(70, 'ibrahim', 3, '2020-06-27 06:09:31', '2020-06-27 06:09:31'),
(71, 'lilo', 38, '2020-06-27 22:48:50', '2020-06-27 22:48:50'),
(72, 'ojan', 25, '2020-06-27 22:49:12', '2020-06-27 22:49:12'),
(73, 'mila', 22, '2020-06-27 22:49:27', '2020-06-27 22:49:27'),
(74, 'gita', 23, '2020-06-27 22:49:39', '2020-06-27 22:49:39'),
(75, 'fira', 26, '2020-06-27 22:50:04', '2020-06-27 22:50:04'),
(76, 'fina', 84, '2020-06-27 22:50:24', '2020-06-27 22:50:24'),
(77, 'fia', 28, '2020-06-27 22:50:40', '2020-06-27 22:50:40'),
(78, 'lia', 26, '2020-06-27 22:50:51', '2020-06-27 22:50:51'),
(79, 'dia', 75, '2020-06-27 22:51:06', '2020-06-27 22:51:06'),
(80, 'rima', 37, '2020-06-27 22:52:35', '2020-06-27 22:52:35'),
(81, 'vira', 75, '2020-06-27 22:52:50', '2020-06-27 22:52:50'),
(82, 'vida', 22, '2020-06-27 22:53:18', '2020-06-27 22:53:18'),
(83, 'olivia', 25, '2020-06-27 22:53:39', '2020-06-27 22:53:39'),
(84, 'nisa', 23, '2020-06-27 22:53:51', '2020-06-27 22:53:51'),
(85, 'indah', 27, '2020-06-27 22:54:06', '2020-06-27 22:54:06'),
(86, 'kiara', 27, '2020-06-27 22:54:34', '2020-06-27 22:54:34'),
(87, 'asiyah', 37, '2020-06-27 22:54:54', '2020-06-27 22:54:54'),
(88, 'tiara', 25, '2020-06-27 22:55:18', '2020-06-27 22:55:18'),
(89, 'ali', 75, '2020-06-27 22:55:34', '2020-06-27 22:55:34'),
(90, 'andre', 8, '2020-07-03 04:08:09', '2020-07-03 04:08:09'),
(91, 'arinil', 2, '2020-07-10 20:50:33', '2020-07-10 20:50:33'),
(92, 'arin', 43, '2020-07-10 20:50:55', '2020-07-10 20:50:55'),
(93, 'ibrah', 69, '2020-07-10 20:51:20', '2020-07-10 20:51:20'),
(94, 'ishaq', 46, '2020-07-10 20:51:48', '2020-07-10 20:51:48'),
(95, 'ino', 70, '2020-07-10 20:52:36', '2020-07-10 20:52:36'),
(96, 'Ira', 44, '2020-07-10 20:52:53', '2020-07-10 20:52:53'),
(97, 'Rui', 68, '2020-07-10 20:53:12', '2020-07-10 20:53:12'),
(98, 'Zulhan', 123, '2020-07-10 20:53:35', '2020-07-10 20:53:35'),
(99, 'nurul', 88, '2020-07-10 20:53:54', '2020-07-10 20:53:54'),
(100, 'rama', 45, '2020-07-10 20:54:32', '2020-07-10 20:54:32'),
(101, 'Inar', 47, '2020-07-10 20:55:03', '2020-07-10 20:55:03'),
(102, 'Sobri', 135, '2020-07-10 20:55:26', '2020-07-10 20:55:26'),
(103, 'asrul', 99, '2020-07-10 20:55:45', '2020-07-10 20:55:45'),
(104, 'muharor', 39, '2020-07-10 20:56:06', '2020-07-10 20:56:06'),
(105, 'Sobron', 124, '2020-07-10 20:56:33', '2020-07-10 20:56:33'),
(106, 'inul daratista', 80, '2020-07-10 20:57:14', '2020-07-10 20:57:14'),
(107, 'lubna', 69, '2020-07-10 20:59:14', '2020-07-10 20:59:14'),
(108, 'Sisil', 95, '2020-07-10 20:59:31', '2020-07-10 20:59:31'),
(109, 'suarti', 1, '2020-07-10 20:59:51', '2020-07-10 20:59:51'),
(110, 'polina', 45, '2020-07-10 21:00:23', '2020-07-10 21:00:23'),
(111, 'ahmad', 51, '2020-07-12 04:23:03', '2020-07-12 04:23:03'),
(112, 'riska', 126, '2020-07-12 20:51:19', '2020-07-12 20:51:19'),
(113, 'riska', 1, '2020-07-12 21:33:06', '2020-07-12 21:33:06'),
(115, 'adi', 3, '2020-08-07 18:02:28', '2020-08-07 18:02:28');

-- --------------------------------------------------------

--
-- Table structure for table `peserta_lomba`
--

CREATE TABLE `peserta_lomba` (
  `id` int(11) NOT NULL,
  `id_peserta` int(11) NOT NULL,
  `id_lomba` int(11) NOT NULL,
  `created_at` timestamp NOT NULL DEFAULT current_timestamp(),
  `updated_at` timestamp NOT NULL DEFAULT current_timestamp()
) ENGINE=InnoDB DEFAULT CHARSET=utf8mb4;

--
-- Dumping data for table `peserta_lomba`
--

INSERT INTO `peserta_lomba` (`id`, `id_peserta`, `id_lomba`, `created_at`, `updated_at`) VALUES
(1, 8, 2, '2020-06-12 14:47:25', '2020-07-13 16:26:32'),
(2, 9, 1, '2020-06-12 14:47:25', '2020-07-03 02:32:43'),
(3, 12, 7, '2020-06-12 06:48:02', '2020-06-12 20:39:29'),
(4, 13, 3, '2020-06-12 06:58:11', '2020-06-12 06:58:11'),
(5, 14, 7, '2020-06-12 20:41:21', '2020-06-12 20:41:21'),
(9, 18, 25, '2020-06-14 02:15:16', '2020-06-14 02:15:16'),
(11, 20, 19, '2020-06-16 23:26:32', '2020-06-16 23:26:32'),
(13, 22, 1, '2020-06-23 22:59:06', '2020-06-23 22:59:06'),
(14, 23, 6, '2020-06-24 01:54:26', '2020-06-24 01:54:26'),
(15, 24, 6, '2020-06-25 03:16:27', '2020-06-25 03:16:27'),
(16, 25, 6, '2020-06-25 03:17:07', '2020-06-25 03:17:07'),
(17, 26, 7, '2020-06-25 03:17:26', '2020-06-25 03:17:26'),
(18, 27, 7, '2020-06-25 03:17:59', '2020-06-25 03:17:59'),
(19, 28, 8, '2020-06-25 03:18:29', '2020-06-25 03:18:29'),
(20, 29, 8, '2020-06-25 03:18:53', '2020-06-25 03:18:53'),
(21, 30, 9, '2020-06-25 03:19:56', '2020-06-25 03:19:56'),
(22, 31, 9, '2020-06-25 03:20:21', '2020-06-25 03:20:21'),
(23, 32, 10, '2020-06-25 03:20:41', '2020-06-25 03:20:41'),
(24, 33, 10, '2020-06-25 03:21:08', '2020-06-25 03:21:08'),
(25, 34, 11, '2020-06-25 03:21:54', '2020-06-25 03:21:54'),
(26, 35, 11, '2020-06-25 03:22:19', '2020-06-25 03:22:19'),
(27, 36, 12, '2020-06-25 03:22:47', '2020-06-25 03:22:47'),
(28, 37, 12, '2020-06-25 03:23:06', '2020-06-25 03:23:06'),
(29, 38, 13, '2020-06-25 03:24:02', '2020-06-25 03:24:02'),
(30, 39, 13, '2020-06-25 03:24:27', '2020-06-25 03:24:27'),
(31, 40, 14, '2020-06-25 03:25:19', '2020-06-25 03:25:19'),
(32, 41, 14, '2020-06-25 03:25:47', '2020-06-25 03:25:47'),
(33, 42, 15, '2020-06-25 03:27:11', '2020-06-25 03:27:11'),
(34, 43, 15, '2020-06-25 03:27:35', '2020-06-25 03:27:35'),
(35, 44, 2, '2020-06-25 03:28:06', '2020-06-25 03:28:06'),
(36, 45, 16, '2020-06-25 03:28:37', '2020-06-25 03:28:37'),
(37, 46, 16, '2020-06-25 03:29:30', '2020-06-25 03:29:30'),
(38, 47, 17, '2020-06-25 03:30:05', '2020-06-25 03:30:05'),
(39, 48, 17, '2020-06-25 03:30:28', '2020-06-25 03:30:28'),
(40, 49, 18, '2020-06-25 03:30:52', '2020-06-25 03:30:52'),
(41, 50, 18, '2020-06-25 03:31:14', '2020-06-25 03:31:14'),
(42, 51, 29, '2020-06-25 03:32:24', '2020-06-25 03:32:24'),
(43, 52, 29, '2020-06-25 03:33:37', '2020-06-25 03:33:37'),
(44, 53, 20, '2020-06-25 03:39:21', '2020-06-25 03:39:21'),
(45, 54, 20, '2020-06-25 03:39:50', '2020-06-25 03:39:50'),
(46, 55, 21, '2020-06-25 03:40:19', '2020-06-25 03:40:19'),
(47, 56, 21, '2020-06-25 03:41:14', '2020-06-25 03:41:14'),
(48, 57, 22, '2020-06-25 03:41:56', '2020-06-25 03:41:56'),
(49, 58, 22, '2020-06-25 03:42:23', '2020-06-25 03:42:23'),
(50, 59, 23, '2020-06-25 03:43:52', '2020-06-25 03:43:52'),
(51, 60, 23, '2020-06-25 03:44:32', '2020-06-25 03:44:32'),
(52, 61, 24, '2020-06-25 03:45:13', '2020-06-25 03:45:13'),
(53, 62, 24, '2020-06-25 03:45:52', '2020-06-25 03:45:52'),
(54, 63, 25, '2020-06-25 03:46:53', '2020-06-25 03:46:53'),
(55, 64, 25, '2020-06-25 03:47:24', '2020-06-25 03:47:24'),
(56, 65, 26, '2020-06-25 03:48:14', '2020-06-25 03:48:14'),
(57, 66, 26, '2020-06-25 03:48:44', '2020-06-25 03:48:44'),
(58, 67, 27, '2020-06-25 03:49:05', '2020-06-25 03:49:05'),
(59, 68, 27, '2020-06-25 03:49:29', '2020-06-25 03:49:29'),
(61, 70, 19, '2020-06-27 06:09:31', '2020-06-27 06:09:31'),
(62, 71, 3, '2020-06-27 22:48:50', '2020-06-27 22:48:50'),
(63, 72, 3, '2020-06-27 22:49:12', '2020-06-27 22:49:12'),
(64, 73, 3, '2020-06-27 22:49:27', '2020-06-27 22:49:27'),
(65, 74, 3, '2020-06-27 22:49:39', '2020-06-27 22:49:39'),
(66, 75, 3, '2020-06-27 22:50:05', '2020-06-27 22:50:05'),
(67, 76, 3, '2020-06-27 22:50:24', '2020-06-27 22:50:24'),
(68, 77, 3, '2020-06-27 22:50:40', '2020-06-27 22:50:40'),
(69, 78, 3, '2020-06-27 22:50:51', '2020-06-27 22:50:51'),
(70, 79, 3, '2020-06-27 22:51:06', '2020-06-27 22:51:06'),
(71, 80, 3, '2020-06-27 22:52:35', '2020-06-27 22:52:35'),
(72, 81, 3, '2020-06-27 22:52:50', '2020-06-27 22:52:50'),
(73, 82, 3, '2020-06-27 22:53:18', '2020-06-27 22:53:18'),
(74, 83, 3, '2020-06-27 22:53:39', '2020-06-27 22:53:39'),
(75, 84, 3, '2020-06-27 22:53:51', '2020-06-27 22:53:51'),
(76, 85, 3, '2020-06-27 22:54:06', '2020-06-27 22:54:06'),
(77, 86, 3, '2020-06-27 22:54:34', '2020-06-27 22:54:34'),
(78, 87, 3, '2020-06-27 22:54:54', '2020-06-27 22:54:54'),
(79, 88, 3, '2020-06-27 22:55:18', '2020-06-27 22:55:18'),
(80, 89, 3, '2020-06-27 22:55:34', '2020-06-27 22:55:34'),
(82, 90, 18, '2020-07-03 04:08:09', '2020-07-03 04:08:09'),
(83, 91, 30, '2020-07-10 20:50:33', '2020-07-10 20:50:33'),
(84, 92, 30, '2020-07-10 20:50:55', '2020-07-10 20:50:55'),
(85, 93, 30, '2020-07-10 20:51:20', '2020-07-10 20:51:20'),
(86, 94, 30, '2020-07-10 20:51:48', '2020-07-10 20:51:48'),
(87, 95, 30, '2020-07-10 20:52:36', '2020-07-10 20:52:36'),
(88, 96, 30, '2020-07-10 20:52:53', '2020-07-10 20:52:53'),
(89, 97, 30, '2020-07-10 20:53:12', '2020-07-10 20:53:12'),
(90, 98, 30, '2020-07-10 20:53:35', '2020-07-10 20:53:35'),
(91, 99, 30, '2020-07-10 20:53:54', '2020-07-10 20:53:54'),
(92, 100, 30, '2020-07-10 20:54:32', '2020-07-10 20:54:32'),
(93, 101, 30, '2020-07-10 20:55:03', '2020-07-10 20:55:03'),
(94, 102, 30, '2020-07-10 20:55:26', '2020-07-10 20:55:26'),
(95, 103, 30, '2020-07-10 20:55:45', '2020-07-10 20:55:45'),
(96, 104, 30, '2020-07-10 20:56:06', '2020-07-10 20:56:06'),
(97, 105, 30, '2020-07-10 20:56:33', '2020-07-10 20:56:33'),
(98, 106, 30, '2020-07-10 20:57:14', '2020-07-10 20:57:14'),
(99, 107, 30, '2020-07-10 20:59:14', '2020-07-10 20:59:14'),
(100, 108, 30, '2020-07-10 20:59:31', '2020-07-10 20:59:31'),
(101, 109, 30, '2020-07-10 20:59:51', '2020-07-10 20:59:51'),
(102, 110, 30, '2020-07-10 21:00:24', '2020-07-10 21:00:24'),
(103, 111, 31, '2020-07-12 04:23:03', '2020-07-12 04:23:03'),
(104, 112, 31, '2020-07-12 20:51:19', '2020-07-12 20:51:19'),
(105, 113, 2, '2020-07-12 21:33:06', '2020-07-12 21:33:06'),
(108, 114, 2, '2020-07-13 16:25:54', '2020-07-13 16:25:54'),
(109, 115, 1, '2020-08-07 18:02:28', '2020-08-07 18:02:28');

-- --------------------------------------------------------

--
-- Table structure for table `sekolah`
--

CREATE TABLE `sekolah` (
  `id` bigint(20) UNSIGNED NOT NULL,
  `nama_sekolah` varchar(255) COLLATE utf8mb4_unicode_ci NOT NULL,
  `id_tingkat` int(11) NOT NULL,
  `created_at` timestamp NULL DEFAULT NULL,
  `updated_at` timestamp NULL DEFAULT NULL
) ENGINE=InnoDB DEFAULT CHARSET=utf8mb4 COLLATE=utf8mb4_unicode_ci;

--
-- Dumping data for table `sekolah`
--

INSERT INTO `sekolah` (`id`, `nama_sekolah`, `id_tingkat`, `created_at`, `updated_at`) VALUES
(1, 'MTS Al-Ma\'ruf', 2, '2020-06-07 15:16:51', '2020-07-13 16:30:38'),
(2, 'MTS Al-Mujahiddin Padang', 2, '2020-06-07 15:16:51', '2020-06-09 20:12:06'),
(3, 'MTS Bina Taqwa', 2, '2020-06-08 21:06:20', '2020-06-08 21:06:20'),
(7, 'TPQ Tunas Mulia', 4, '2020-06-24 22:25:16', '2020-06-24 22:25:16'),
(8, 'TPQ Al Ikhlas', 4, '2020-06-24 22:25:43', '2020-06-24 22:25:43'),
(9, 'TPQ Al Qomar', 4, '2020-06-24 22:26:06', '2020-06-24 22:26:06'),
(10, 'TPQ Nurul Iman', 4, '2020-06-24 22:26:18', '2020-06-24 22:26:18'),
(11, 'TPQ Raudhatul Quran', 4, '2020-06-24 22:26:28', '2020-06-24 22:26:28'),
(12, 'Masjid Al Amin', 4, '2020-06-24 22:26:59', '2020-06-24 22:26:59'),
(13, 'TPQ Ar Raudloh', 4, '2020-06-24 22:27:12', '2020-06-24 22:27:12'),
(14, 'Masjid Agung Sudirman', 4, '2020-06-24 22:27:28', '2020-06-24 22:27:28'),
(15, 'Masjid Al Hijriyah', 4, '2020-06-24 22:27:37', '2020-06-24 22:27:37'),
(16, 'PONPES Darunnajah Al Masidiyah', 5, '2020-06-24 22:27:49', '2020-06-24 22:27:49'),
(17, 'Mirah Pemecutan Mandiri', 4, '2020-06-24 22:28:04', '2020-06-24 22:28:04'),
(18, 'TPQ Nurul Watoni', 4, '2020-06-24 22:28:14', '2020-06-24 22:28:14'),
(19, 'TPQ Al makmur', 4, '2020-06-24 22:28:27', '2020-06-24 22:28:27'),
(20, 'MI Quba', 1, '2020-06-24 22:28:36', '2020-06-24 22:28:36'),
(21, 'MI Al Muhajirin', 1, '2020-06-24 22:28:44', '2020-06-24 22:28:44'),
(22, 'SD Muhammadiyah 1', 1, '2020-06-24 22:28:53', '2020-06-24 22:28:53'),
(23, 'SD Muhammadiyah 3', 1, '2020-06-24 22:29:03', '2020-06-24 22:29:03'),
(24, 'MI Al Hudy', 1, '2020-06-24 22:29:11', '2020-06-24 22:29:11'),
(25, 'SD Anak Emas', 1, '2020-06-24 22:29:21', '2020-06-24 22:29:21'),
(26, 'SD Harapan Mulia', 1, '2020-06-24 22:29:29', '2020-06-24 22:29:29'),
(27, 'SD Muhammadiyah 2', 1, '2020-06-24 22:29:46', '2020-06-24 22:29:46'),
(28, 'SD Muhammadiyah 4', 1, '2020-06-24 22:29:54', '2020-06-24 22:29:54'),
(29, 'MI Al ma’ruf', 1, '2020-06-24 22:30:01', '2020-06-24 22:30:01'),
(30, 'MI Hidayatullah', 1, '2020-06-24 22:30:10', '2020-06-24 22:30:10'),
(31, 'MI Tawakkal', 1, '2020-06-24 22:30:17', '2020-06-24 22:30:17'),
(32, 'MI Al Miftah', 1, '2020-06-24 22:30:25', '2020-06-24 22:30:25'),
(33, 'MI Guntur Nusantara', 1, '2020-06-24 22:30:34', '2020-06-24 22:30:34'),
(34, 'MI N Denpasar', 1, '2020-06-24 22:30:42', '2020-06-24 22:30:42'),
(35, 'MI Khalifah Nusantara', 1, '2020-06-24 22:30:50', '2020-06-24 22:30:50'),
(36, 'MI Tunas Bangsa', 1, '2020-06-24 22:31:00', '2020-06-24 22:31:00'),
(37, 'SD Bakti Mulya', 1, '2020-06-24 22:31:07', '2020-06-24 22:31:07'),
(38, 'SMP Muhammadiyah 2', 2, '2020-06-24 22:31:21', '2020-06-24 22:31:21'),
(39, 'SMP Al Banna', 2, '2020-06-24 22:31:27', '2020-06-24 22:31:27'),
(40, 'SMP Harapan Mulia', 2, '2020-06-24 22:31:35', '2020-06-24 22:31:35'),
(41, 'MTs Miftahul Ulum', 2, '2020-06-24 22:31:42', '2020-06-24 22:31:42'),
(42, 'MTs Al Muhajirin', 2, '2020-06-24 22:31:50', '2020-06-24 22:31:50'),
(43, 'SMP Muhammadiyah 1', 2, '2020-06-24 22:31:58', '2020-06-24 22:31:58'),
(44, 'SMP Tawakal', 2, '2020-06-24 22:32:06', '2020-06-24 22:32:06'),
(45, 'Mts Hidayatullah', 2, '2020-06-24 22:32:14', '2020-06-24 22:32:14'),
(46, 'Mts Guntur Nusantara', 2, '2020-06-24 22:32:29', '2020-06-24 22:32:29'),
(47, 'Mts al hudy', 2, '2020-06-24 22:33:02', '2020-06-24 22:33:02'),
(48, 'MA Al Ma’ruf', 3, '2020-06-24 22:33:23', '2020-06-24 22:33:23'),
(49, 'SMA Al Banna', 3, '2020-06-24 22:33:31', '2020-06-24 22:33:31'),
(50, 'SMA Muhammadiyah 1', 3, '2020-06-24 22:33:38', '2020-06-24 22:33:38'),
(51, 'SMA Harapan Mulia', 3, '2020-06-24 22:33:47', '2020-06-24 22:33:47'),
(52, 'MA Tawakal', 3, '2020-06-24 22:33:55', '2020-06-24 22:33:55'),
(53, 'MA Al Muhajirin', 3, '2020-06-24 22:34:04', '2020-06-24 22:34:04'),
(54, 'MA Hidayatullah', 3, '2020-06-24 22:34:11', '2020-06-24 22:34:11'),
(55, 'SMK Muhammadiyah 1', 3, '2020-06-24 22:34:21', '2020-06-24 22:34:21'),
(56, 'SMK Bina Madina', 3, '2020-06-24 22:34:28', '2020-06-24 22:34:28'),
(57, 'SMK TI Bali Global Badung', 3, '2020-06-24 22:34:36', '2020-06-24 22:34:36'),
(58, 'SMK TI Bali global denpasar', 3, '2020-06-24 22:34:51', '2020-06-24 22:34:51'),
(59, 'Yayasan Arrahman', 4, '2020-06-24 22:35:12', '2020-06-24 22:35:12'),
(60, 'Ponpes attaqwim', 5, '2020-06-24 22:35:19', '2020-06-24 22:35:19'),
(61, 'Ponpes Nurul Huda', 5, '2020-06-24 22:35:28', '2020-06-24 22:35:28'),
(62, 'Yayasan Yasika', 4, '2020-06-24 22:35:36', '2020-06-24 22:35:36'),
(63, 'MI N. Bungaya / min 1 karangasem', 1, '2020-06-24 22:35:56', '2020-06-24 22:35:56'),
(64, 'MI . Nurul Hidayah', 1, '2020-06-24 22:36:06', '2020-06-24 22:36:06'),
(65, 'MI N 2 Karangasem', 1, '2020-06-24 22:36:14', '2020-06-24 22:36:14'),
(66, 'MI Hidayatullah', 1, '2020-06-24 22:36:23', '2020-06-24 22:36:23'),
(67, 'MIN 3 Karangasem', 1, '2020-06-24 22:36:37', '2020-06-24 22:36:37'),
(68, 'MTS N Karangasem', 2, '2020-06-24 22:36:45', '2020-06-24 22:36:45'),
(69, 'SMP Muhammadiyah Karangasem', 2, '2020-06-24 22:36:52', '2020-06-24 22:36:52'),
(70, 'MTS Maarif Bebandem', 2, '2020-06-24 22:37:00', '2020-06-24 22:37:00'),
(71, 'MAN 1 Karangasem', 3, '2020-06-24 22:37:07', '2020-06-24 22:37:34'),
(72, 'MI 45 Gianyar', 1, '2020-06-24 22:37:18', '2020-06-24 22:37:18'),
(73, 'MA 45 Gianyar', 3, '2020-06-24 22:37:50', '2020-06-24 22:37:50'),
(74, 'Pondok Pesantren An-Nur', 5, '2020-06-24 22:38:28', '2020-06-24 22:38:28'),
(75, 'SD Islam Tabanan', 1, '2020-06-24 22:39:20', '2020-06-24 22:39:20'),
(76, 'MI Al Amin', 1, '2020-06-24 22:39:28', '2020-06-24 22:39:28'),
(77, 'MTS Al Amin', 2, '2020-06-24 22:39:36', '2020-06-24 22:39:36'),
(78, 'MA Al Amin', 1, '2020-06-24 22:39:44', '2020-06-24 22:39:44'),
(79, 'Yayasan Al Amin', 4, '2020-06-24 22:39:52', '2020-06-24 22:39:52'),
(80, 'MTS Raudlotul Huffadz', 2, '2020-06-24 22:40:02', '2020-06-24 22:40:02'),
(81, 'MA Raudlotul Huffadz', 3, '2020-06-24 22:40:11', '2020-06-24 22:40:11'),
(82, 'Mts Bali Bina Insani', 2, '2020-06-24 22:40:20', '2020-06-24 22:40:20'),
(83, 'MA Bali Bina Insani', 3, '2020-06-24 22:40:28', '2020-06-24 22:40:42'),
(84, 'SD Muhammadiyah Tabanan', 1, '2020-06-24 22:41:28', '2020-06-24 22:41:28'),
(85, 'MI Maarif Sanggulan', 1, '2020-06-24 22:41:36', '2020-06-24 22:41:36'),
(86, 'TPQ Wali Songo Sanggulan', 4, '2020-06-24 22:41:44', '2020-06-24 22:41:44'),
(87, 'MI Al hidayah candi kuning', 1, '2020-06-24 22:41:51', '2020-06-24 22:41:51'),
(88, 'MTS Al hidayah camdi kuning', 2, '2020-06-24 22:42:04', '2020-06-24 22:42:04'),
(89, 'MA Al irsyad candi kuning', 3, '2020-06-24 22:42:35', '2020-06-24 22:42:35'),
(90, 'MI N 1 Jembrana', 1, '2020-06-24 22:42:51', '2020-06-24 22:42:51'),
(91, 'MIN  3 Jembrana', 1, '2020-06-24 22:42:59', '2020-06-24 22:42:59'),
(92, 'MIN 4 Jembrana', 1, '2020-06-24 22:43:07', '2020-06-24 22:43:07'),
(93, 'MIN 5 Jembrana', 1, '2020-06-24 22:43:15', '2020-06-24 22:43:15'),
(94, 'MIN  6 Jembrana', 1, '2020-06-24 22:43:37', '2020-06-24 22:43:37'),
(95, 'MTSN 1 Jembrana', 2, '2020-06-24 22:43:46', '2020-06-24 22:43:46'),
(96, 'MTSN 2 Jembrana', 2, '2020-06-24 22:43:55', '2020-06-24 22:43:55'),
(97, 'MTSN 3 Jembrana', 2, '2020-06-24 22:44:04', '2020-06-24 22:44:04'),
(98, 'MTSN 4 Jembrana', 2, '2020-06-24 22:44:11', '2020-06-24 22:44:11'),
(99, 'SMP Firdaus', 2, '2020-06-24 22:44:21', '2020-06-24 22:44:21'),
(100, 'MAN 1 Jembrana', 3, '2020-06-24 22:44:29', '2020-06-24 22:44:29'),
(101, 'MAN 2 Jembrana', 3, '2020-06-24 22:44:37', '2020-06-24 22:44:37'),
(102, 'MAN 3 Jembrana', 3, '2020-06-24 22:44:48', '2020-06-24 22:44:48'),
(103, 'SMA  Firdaus', 3, '2020-06-24 22:44:55', '2020-06-24 22:44:55'),
(104, 'PP hidayatullah singaraja', 5, '2020-06-24 22:45:20', '2020-06-24 22:45:20'),
(105, 'TPQ Ar rasyid singaraja', 4, '2020-06-24 22:45:28', '2020-06-24 22:45:28'),
(106, 'Madin Nurunjannah', 4, '2020-06-24 22:45:42', '2020-06-24 22:45:42'),
(107, 'PP Cahya Qolbu', 5, '2020-06-24 22:45:53', '2020-06-24 22:45:53'),
(108, 'PP Nurul Aitam', 5, '2020-06-24 22:46:02', '2020-06-24 22:46:02'),
(109, 'PP Ar raudhah', 5, '2020-06-24 22:46:09', '2020-06-24 22:46:09'),
(110, 'PP Istiqlal Patas', 5, '2020-06-24 22:46:18', '2020-06-24 22:46:18'),
(111, 'MI At taufiq', 1, '2020-06-24 22:46:25', '2020-06-24 22:46:25'),
(112, 'MIN Singaraja', 1, '2020-06-24 22:46:33', '2020-06-24 22:46:33'),
(113, 'MI Nurul huda', 1, '2020-06-24 22:46:42', '2020-06-24 22:46:42'),
(114, 'MIN 4 Buleleng', 1, '2020-06-24 22:46:50', '2020-06-24 22:46:50'),
(115, 'MI Al khairiyah seririt', 1, '2020-06-24 22:47:47', '2020-06-24 22:47:47'),
(116, 'MIN 1 Buleleng', 1, '2020-06-24 22:47:55', '2020-06-24 22:47:55'),
(117, 'MI As syafiiyah', 1, '2020-06-24 22:48:06', '2020-06-24 22:48:06'),
(118, 'MIN 5 Buleleng', 1, '2020-06-24 22:48:14', '2020-06-24 22:48:14'),
(119, 'MI Nurul islam', 1, '2020-06-24 22:48:21', '2020-06-24 22:48:21'),
(120, 'MI Nurul Wathan', 1, '2020-06-24 22:48:31', '2020-06-24 22:48:31'),
(121, 'MI Tariful fuad', 1, '2020-06-24 22:48:40', '2020-06-24 22:48:40'),
(122, 'MTS At taufiq', 2, '2020-06-24 22:48:56', '2020-06-24 22:48:56'),
(123, 'SMP Muhammadiyah 2', 2, '2020-06-24 22:49:03', '2020-06-24 22:49:03'),
(124, 'MTSN 2 Buleleng', 2, '2020-06-24 22:49:11', '2020-06-24 22:49:11'),
(125, 'MTSN 1 Buleleng', 2, '2020-06-24 22:49:20', '2020-06-24 22:49:20'),
(126, 'MA At taufiq', 3, '2020-06-24 22:49:31', '2020-06-24 22:49:31'),
(127, 'MAN Buleleng', 3, '2020-06-24 22:49:39', '2020-06-24 22:49:39'),
(128, 'MI N. Kampung Gelgel', 1, '2020-06-24 22:49:49', '2020-06-24 22:49:49'),
(129, 'MI N. Kampung Gelgel', 1, '2020-06-24 22:49:57', '2020-06-24 22:49:57'),
(130, 'MA Diponegoro Klungkung', 1, '2020-06-24 22:50:06', '2020-06-24 22:50:06'),
(131, 'Madrasah Baitul Amin', 1, '2020-06-24 22:50:41', '2020-06-24 22:50:41'),
(132, 'MI Raudlatul Mustarsyidin', 1, '2020-06-24 22:50:50', '2020-06-24 22:50:50'),
(133, 'MI Al Azhar', 1, '2020-06-24 22:50:59', '2020-06-24 22:50:59'),
(134, 'MI Bina Ihsan mulia', 1, '2020-06-24 22:51:09', '2020-06-24 22:51:09'),
(135, 'MTS Bina Ihsan Mulia', 2, '2020-06-24 22:51:24', '2020-06-24 22:51:24'),
(136, 'MTS Al-Maarif', 2, '2020-06-24 22:51:35', '2020-06-24 22:51:35'),
(137, 'MA Bina Ihsan Mulia', 3, '2020-06-24 22:51:45', '2020-06-24 22:51:45'),
(138, 'SMK TI Bali Global Jimbaran', 3, '2020-06-24 22:51:59', '2020-06-24 22:51:59'),
(139, 'Al hasanah canggu', 4, '2020-06-24 22:52:23', '2020-06-24 22:52:23'),
(140, 'TPQ Nurul Hikmah', 4, '2020-06-24 22:52:32', '2020-06-24 22:52:32'),
(141, 'TPQ Al ikhlas Buduk', 4, '2020-06-24 22:52:40', '2020-06-24 22:52:40'),
(142, 'TPQ Nurul Ishlah', 4, '2020-06-24 22:52:49', '2020-06-24 22:52:49');

-- --------------------------------------------------------

--
-- Table structure for table `tingkat_sekolah`
--

CREATE TABLE `tingkat_sekolah` (
  `id` int(11) NOT NULL,
  `tingkat` varchar(45) NOT NULL,
  `created_at` timestamp NOT NULL DEFAULT current_timestamp(),
  `updated_at` timestamp NOT NULL DEFAULT current_timestamp()
) ENGINE=InnoDB DEFAULT CHARSET=utf8mb4;

--
-- Dumping data for table `tingkat_sekolah`
--

INSERT INTO `tingkat_sekolah` (`id`, `tingkat`, `created_at`, `updated_at`) VALUES
(1, 'SD/MI', '2020-06-09 04:10:31', '2020-07-12 21:41:49'),
(2, 'SMP/MTS', '2020-06-09 04:10:31', '2020-06-09 04:10:31'),
(3, 'SMA/MA', '2020-06-09 04:10:48', '2020-06-09 04:10:48'),
(4, 'TPQ', '2020-06-25 06:16:18', '2020-06-25 06:16:18'),
(5, 'Ponpes', '2020-06-25 06:16:18', '2020-06-25 06:16:18');

-- --------------------------------------------------------

--
-- Table structure for table `users`
--

CREATE TABLE `users` (
  `id` bigint(20) UNSIGNED NOT NULL,
  `name` varchar(255) COLLATE utf8mb4_unicode_ci NOT NULL,
  `level` varchar(45) COLLATE utf8mb4_unicode_ci NOT NULL,
  `email` varchar(255) COLLATE utf8mb4_unicode_ci NOT NULL,
  `email_verified_at` timestamp NULL DEFAULT NULL,
  `password` varchar(255) COLLATE utf8mb4_unicode_ci NOT NULL,
  `remember_token` varchar(100) COLLATE utf8mb4_unicode_ci DEFAULT NULL,
  `created_at` timestamp NULL DEFAULT NULL,
  `updated_at` timestamp NULL DEFAULT NULL
) ENGINE=InnoDB DEFAULT CHARSET=utf8mb4 COLLATE=utf8mb4_unicode_ci;

--
-- Dumping data for table `users`
--

INSERT INTO `users` (`id`, `name`, `level`, `email`, `email_verified_at`, `password`, `remember_token`, `created_at`, `updated_at`) VALUES
(1, 'admin', 'admin', 'admin@comic.com', NULL, '$2y$10$4B58uv/hKPbFUMcVRIQoU.O5rf9XkDeEti3pvhA8B9haq6vlCWvF2', 'F4EMilqOryqfcj0OnFskA7PHkpvIfDLu3AikFCHwe6jv5A52pGkQlp5IQbCB', '2020-06-09 21:14:03', '2020-06-14 01:40:11'),
(5, 'Arkan ,S.Kom', 'juri', 'arkans@comic.com', NULL, '$2y$10$L4phqq0e60UxRp.DjMw.zenGuEccClEZsFIK6FOe/6R1pBNOmupmC', 'qJKsLkY55J8Yg2eLBKLaXc4fDtxheDw0jh4cXUWUIjT1VIlom2IVerw2tPHi', '2020-06-13 21:36:11', '2020-07-10 21:07:27'),
(8, 'juhari,S,Kom.', 'juri', 'juhari@comic.com', NULL, '$2y$10$PR6YeKqk5r60GfRrKXcfle7ew3xDMZrRqyrk6FH62bE2CEPoUl2dq', '4xJ3H2vU2w8yXRohAJaS8bo9oIVNMXGf89385SakFTqHk1dezC5L3oSFgCdK', '2020-06-14 22:55:39', '2020-06-14 22:55:39'),
(9, 'admin2', 'admin', 'admin2@comic.com', NULL, '$2y$10$EwDsue/MfD6jE6EdGZrPEOkmaVyGKlav6BsNQ/GM1dLgZW.NmkU2O', 'nQ35vc0XBOqVvaYOaIR62VUTuSrqyH2CenbJLVA7CZ4B7uSBaOC0w96spu7L', '2020-06-16 09:16:26', '2020-06-16 09:16:26'),
(11, 'edwar, S.Ag., M.Kom', 'juri', 'edwar@comic.com', NULL, '$2y$10$qKgEhbMsnWQv2AHpYjHGce5E7O1DNAQXvwwGljqgDS7pCTA2eEUHC', 'SjIaDRHDTq9UxWESkDYNr3l5yprz0lb8UuNH2lgVa9f9qPqifESyz2XAaY75', '2020-06-17 02:43:29', '2020-06-27 03:21:13'),
(16, 'Rank', 'juri', 'rank@comic.com', NULL, '$2y$10$sKlJjitWAsfDPRC0eT4hWuN2TPB.4YCbwa..VI3vUDDjXRgSoMkHC', 'rtpriv5BpwwvNWItkzBqkNyswI9b41TlBNWagWLomnVlt0HEJQm1pN8Lqsux', '2020-06-27 22:56:08', '2020-06-27 22:56:08'),
(17, 'Ella', 'juri', 'ella@comic.com', NULL, '$2y$10$MTqoXVBsel45hGor65/D.e4X1uGAbeuPYbPYaLtOinpzpUHPUb7dm', 'g44LGmRcYkhFnVeoDhIGlSdNVvOmAar81FNROymMHZTGZYwDpK9ama64XVEW', '2020-07-12 20:52:31', '2020-07-12 20:52:31'),
(19, 'meilisa', 'juri', 'meilisa@comic.com', NULL, '$2y$10$k2LdJqbud8W3StB1LEfQB.3kpD86wxgobY7dRwc9ScgMLubDvA6zK', 'oqWmGaS6d2Y3h5B4o5WGb0jIP3cdHK2X5tZCCHIUJ92V6m0jnGs1bpibZYB6', '2020-07-12 21:37:56', '2020-07-12 21:37:56'),
(20, 'taufik', 'juri', 'taufik@comic.com', NULL, '$2y$10$lYwo65jMyf6GYAMck0JJS.q8u0krm810PdJnN4CKB7RKLAc3ErOKC', 'SG6T2WaY5orn9BwYbSdn3zMoR1quamVjXhj8nx4yzrOoR1t7pf8XuznyNNLT', '2020-07-13 16:28:38', '2020-07-13 16:28:56'),
(21, 'wahmang', 'juri', 'wahmang@comic.com', NULL, '$2y$10$w4ayKBn58lVj.1DJQ3zP.eoxqKcXk9w4R2shiu1xnEqoT0bdX72Ku', 'XIoSTHuM30xjTBFxVwLg1m6Mfv9kGcR3z0EUOdyB0trNZvnMNC1tPcF5lb4S', '2021-01-18 00:37:13', '2021-01-18 00:37:13');

--
-- Indexes for dumped tables
--

--
-- Indexes for table `failed_jobs`
--
ALTER TABLE `failed_jobs`
  ADD PRIMARY KEY (`id`);

--
-- Indexes for table `juri`
--
ALTER TABLE `juri`
  ADD PRIMARY KEY (`id`);

--
-- Indexes for table `juri_lomba`
--
ALTER TABLE `juri_lomba`
  ADD PRIMARY KEY (`id`);

--
-- Indexes for table `kriteria`
--
ALTER TABLE `kriteria`
  ADD PRIMARY KEY (`id`);

--
-- Indexes for table `lomba`
--
ALTER TABLE `lomba`
  ADD PRIMARY KEY (`id`);

--
-- Indexes for table `master`
--
ALTER TABLE `master`
  ADD PRIMARY KEY (`id`);

--
-- Indexes for table `migrations`
--
ALTER TABLE `migrations`
  ADD PRIMARY KEY (`id`);

--
-- Indexes for table `nilai`
--
ALTER TABLE `nilai`
  ADD PRIMARY KEY (`id`);

--
-- Indexes for table `peserta`
--
ALTER TABLE `peserta`
  ADD PRIMARY KEY (`id`),
  ADD KEY `id_sekolah` (`id_sekolah`);

--
-- Indexes for table `peserta_lomba`
--
ALTER TABLE `peserta_lomba`
  ADD PRIMARY KEY (`id`);

--
-- Indexes for table `sekolah`
--
ALTER TABLE `sekolah`
  ADD PRIMARY KEY (`id`);

--
-- Indexes for table `tingkat_sekolah`
--
ALTER TABLE `tingkat_sekolah`
  ADD PRIMARY KEY (`id`);

--
-- Indexes for table `users`
--
ALTER TABLE `users`
  ADD PRIMARY KEY (`id`),
  ADD UNIQUE KEY `users_email_unique` (`email`);

--
-- AUTO_INCREMENT for dumped tables
--

--
-- AUTO_INCREMENT for table `failed_jobs`
--
ALTER TABLE `failed_jobs`
  MODIFY `id` bigint(20) UNSIGNED NOT NULL AUTO_INCREMENT;

--
-- AUTO_INCREMENT for table `juri`
--
ALTER TABLE `juri`
  MODIFY `id` int(11) NOT NULL AUTO_INCREMENT, AUTO_INCREMENT=21;

--
-- AUTO_INCREMENT for table `juri_lomba`
--
ALTER TABLE `juri_lomba`
  MODIFY `id` int(11) NOT NULL AUTO_INCREMENT, AUTO_INCREMENT=27;

--
-- AUTO_INCREMENT for table `kriteria`
--
ALTER TABLE `kriteria`
  MODIFY `id` int(11) NOT NULL AUTO_INCREMENT, AUTO_INCREMENT=116;

--
-- AUTO_INCREMENT for table `lomba`
--
ALTER TABLE `lomba`
  MODIFY `id` bigint(20) UNSIGNED NOT NULL AUTO_INCREMENT, AUTO_INCREMENT=32;

--
-- AUTO_INCREMENT for table `master`
--
ALTER TABLE `master`
  MODIFY `id` int(11) NOT NULL AUTO_INCREMENT, AUTO_INCREMENT=4;

--
-- AUTO_INCREMENT for table `migrations`
--
ALTER TABLE `migrations`
  MODIFY `id` int(10) UNSIGNED NOT NULL AUTO_INCREMENT, AUTO_INCREMENT=9;

--
-- AUTO_INCREMENT for table `nilai`
--
ALTER TABLE `nilai`
  MODIFY `id` int(11) NOT NULL AUTO_INCREMENT, AUTO_INCREMENT=285;

--
-- AUTO_INCREMENT for table `peserta`
--
ALTER TABLE `peserta`
  MODIFY `id` bigint(20) UNSIGNED NOT NULL AUTO_INCREMENT, AUTO_INCREMENT=116;

--
-- AUTO_INCREMENT for table `peserta_lomba`
--
ALTER TABLE `peserta_lomba`
  MODIFY `id` int(11) NOT NULL AUTO_INCREMENT, AUTO_INCREMENT=110;

--
-- AUTO_INCREMENT for table `sekolah`
--
ALTER TABLE `sekolah`
  MODIFY `id` bigint(20) UNSIGNED NOT NULL AUTO_INCREMENT, AUTO_INCREMENT=143;

--
-- AUTO_INCREMENT for table `tingkat_sekolah`
--
ALTER TABLE `tingkat_sekolah`
  MODIFY `id` int(11) NOT NULL AUTO_INCREMENT, AUTO_INCREMENT=7;

--
-- AUTO_INCREMENT for table `users`
--
ALTER TABLE `users`
  MODIFY `id` bigint(20) UNSIGNED NOT NULL AUTO_INCREMENT, AUTO_INCREMENT=22;
COMMIT;

/*!40101 SET CHARACTER_SET_CLIENT=@OLD_CHARACTER_SET_CLIENT */;
/*!40101 SET CHARACTER_SET_RESULTS=@OLD_CHARACTER_SET_RESULTS */;
/*!40101 SET COLLATION_CONNECTION=@OLD_COLLATION_CONNECTION */;
